{"timesteps": [5000, 10000, 15000, 20000, 25000, 30000, 35000, 40000, 45000, 50000, 55000, 60000, 65000, 70000, 75000, 80000, 85000, 90000, 95000, 100000], "mean_rewards": [14.462222222222222, 19.612187499999997, 24.925238095238097, 28.785769230769233, 31.400967741935485, 33.28972222222222, 34.717804878048774, 35.835434782608694, 36.711, 39.6477, 43.1408, 44.6927, 45.0, 45.0, 45.0, 45.0, 45.0, 45.0, 45.0, 45.0]}